text,label
"Congratulations! You have won a free prize. Claim your reward now by clicking this link.",spam
"Urgent action required. Your account has been locked. Verify your identity immediately.",spam
"Final chance to win a cash reward. Reply YES and get bonus points today.",spam
"You are selected for a free vacation. Click here to claim your exclusive offer.",spam
"Limited time offer! Buy now and get 50% off on all products.",spam
"We noticed suspicious activity on your bank account. Confirm your details to secure it.",spam
"Claim your prize before midnight. One lucky winner will receive a free gift card.",spam
"Congratulations, winner! You have been chosen for a special giveaway.",spam
"Get a free iPhone by joining our offer today. Terms and conditions apply.",spam
"Your account is at risk. Please update your password immediately.",spam
"Meeting at 5 PM today in the conference room. Please be on time.",ham
"Hey, are we still meeting at 5 PM today or should I reschedule?",ham
"Thanks for the update. I will review the report and share feedback tomorrow.",ham
"Please call me when you reach the office. I need the final documents.",ham
"The dinner reservation is confirmed for Saturday at 8 PM.",ham
"Can you send me the file before the end of the day?",ham
"I am heading home now, see you in 20 minutes.",ham
"Let’s catch up later this week and discuss the project details.",ham
"I received the package and it looks good. Thanks for sending it.",ham
"The lecture starts at 10 AM tomorrow morning in room 302.",ham
"You won an all-expenses-paid trip! Click now to secure your spot.",spam
"Suspicious login detected. Verify your credentials now to avoid suspension.",spam
"This is a final reminder: your free reward is waiting for you.",spam
"Exclusive VIP offer: redeem your cashback instant bonus before it expires.",spam
"Your mobile number has been selected for a free premium subscription.",spam
"Urgent! We need to verify your payment details to continue the service.",spam
"You have been specially selected to receive a $500 gift voucher.",spam
"Claim your complimentary membership before the deadline tonight.",spam
"Win cash prizes by participating in our lucky draw today.",spam
"One time offer: Guaranteed profit with zero investment. Contact us now.",spam
"The meeting has been moved to Thursday at 11 AM. Please update your calendar.",ham
"I will be late for class because of traffic. Please inform the professor.",ham
"We should discuss the budget before finalizing the presentation.",ham
"Please confirm if the invoice was approved by finance.",ham
"I have completed the assignment and will upload it after lunch.",ham
"Thank you for helping with the event planning. It went really well.",ham
"Can you pick up milk and bread on the way home?",ham
"I am not available this weekend due to travel plans.",ham
"The doctor’s appointment is scheduled for Monday morning.",ham
"Let me know when you are free to review the design mockup.",ham
"Call now for a free consultation and guaranteed savings on your bill.",spam
"Your account will be closed if you do not verify your information today.",spam
"Win a brand new laptop by answering a simple survey online.",spam
"A special offer is waiting for you. Redeem your prize now.",spam
"Important: We detected unusual activity. Secure your account now.",spam
"Congratulations on being a pre-qualified candidate for this reward program.",spam
"Click to claim your bonus before it expires this evening.",spam
"Free entry to the jackpot giveaway with instant approval.",spam
"Your utility bill is overdue. Pay now to avoid service interruption.",spam
"We have a unique business opportunity for you with no risk involved.",spam
